{
  "list": [
    {
      "ingredient": "비지기비비비",
      "id": 7
    },
    {
      "ingredient": "히히",
      "id": 9
    },
    {
      "ingredient": "비리",
      "id": 10
    },
    {
      "ingredient": "리",
      "id": 12
    },
    {
      "ingredient": "리히",
      "id": 13
    },
    {
      "ingredient": "츠가",
      "id": 14
    },
    {
      "ingredient": "추가",
      "id": 15
    },
    {
      "ingredient": "아이템",
      "id": 17
    },
    {
      "ingredient": "도",
      "id": 18
    },
    {
      "ingredient": "냉장고",
      "id": 22
    },
    {
      "ingredient": "한번",
      "id": 38
    },
    {
      "ingredient": "아무거나",
      "id": 39
    },
    {
      "ingredient": "가나다",
      "id": 44
    },
    {
      "ingredient": "플레이승",
      "id": 47
    },
    {
      "ingredient": "ㅇㅇㅇ",
      "id": 49
    },
    {
      "ingredient": "ㅁㄴㅇㄴ",
      "id": 51
    },
    {
      "ingredient": "ㅇㅇ",
      "id": 52
    },
    {
      "ingredient": "ㄱㄱ",
      "id": 53
    },
    {
      "ingredient": "식재료",
      "id": 56
    },
    {
      "ingredient": "되라",
      "id": 57
    }
  ]
}