{
  "list": [
    {
      "name": "김치",
      "id": 1
    },
    {
      "name": "김치",
      "id": 2
    },
    {
      "name": "김치",
      "id": 3
    },
    {
      "name": "김치",
      "id": 4
    },
    {
      "name": "깍두기",
      "id": 5
    },
    {
      "name": "만두",
      "id": 6
    },
    {
      "name": "닭갈비",
      "id": 7
    },
    {
      "name": "닭갈비",
      "id": 8
    },
    {
      "name": "닭갈비",
      "id": 9
    },
    {
      "name": "닭갈비",
      "id": 10
    },
    {
      "name": "1",
      "id": 11
    },
    {
      "name": "2",
      "id": 12
    },
    {
      "name": "3",
      "id": 13
    },
    {
      "name": "4",
      "id": 14
    },
    {
      "name": "ㅁㄴㅇㄻㄴㅇㄹ",
      "id": 15
    }
  ]
}
